[

{
  "lat":  "11.0851095",
  "lon": "75.953034   "
},
{
  "lat":  "11.0851095",
  "lon": "75.953034   "
},
{
  "lat":  "11.0851095",
  "lon": "75.953034   "
},
{
  "lat": "11.0851",
  "lon": "75.95281"    
},
{
  "lat": "11.08511",
  "lon": "75.95273 "   
},
{
  "lat": "11.08512",
  "lon": "75.95265 "   
},
{
  "lat": "11.08514",
  "lon": "75.95251 "   
},
{
  "lat":   "11.0851426",
  "lon": "75.9525126  "
},
{
  "lat":   "11.0851426",
  "lon": "75.9525126  "
},
{
  "lat": "11.08536",
  "lon": "75.95258 "   
},
{
  "lat": "11.08538",
  "lon": "75.95258 "   
},
{
  "lat":   "11.0853752",
  "lon": "75.9525831  "
},
{
  "lat":   "11.0853752",
  "lon": "75.9525831  "
},
{
  "lat":"11.08538",
  "lon": "75.9526 "    
},
{
  "lat": "11.08538",
  "lon": "75.95325 "   
},
{
  "lat": "11.08543",
  "lon": "75.95386 "   
},
{
  "lat": "11.08543",
  "lon": "75.95394 "   
},
{
  "lat": "11.08548",
  "lon": "75.95431 "   
},
{
  "lat":"11.0855",
  "lon": "75.9548"     
},
{
  "lat": "11.08546",
  "lon": "75.95565 "   
},
{
  "lat": "11.08546",
  "lon": "75.95575 "   
},
{
  "lat": "11.0854",
  "lon": "75.95656"    
},
{
  "lat": "11.08538",
  "lon": "75.95681 "   
},
{
  "lat": "11.08533",
  "lon": "75.95743 "   
},
{
  "lat": "11.08533",
  "lon": "75.95762 "   
},
{
  "lat": "11.08536",
  "lon": "75.95789 "   
},
{
  "lat": "11.08536",
  "lon": "75.95802 "   
},
{
  "lat": "11.08534",
  "lon": "75.95839 "   
},
{
  "lat": "11.08533",
  "lon": "75.95868 "   
},
{
  "lat": "11.08534",
  "lon": "75.95887 "   
},
{
  "lat": "11.08527",
  "lon": "75.95926 "   
},
{
  "lat": "11.08525",
  "lon": "75.95973 "   
},
{
  "lat": "11.08524",
  "lon": "75.95977 "   
},
{
  "lat": "11.08515",
  "lon": "75.96017 "   
},
{
  "lat": "11.08508",
  "lon": "75.96059 "   
},
{
  "lat":"11.08507",
  "lon": "75.9607 "    
},
{
  "lat": "11.08507",
  "lon": "75.96076 "   
},
{
  "lat": "11.08507",
  "lon": "75.961   "   
},
{
  "lat": "11.08512",
  "lon": "75.96122 "   
},
{
  "lat": "11.08516",
  "lon": "75.96143 "   
},
{
  "lat": "11.08514",
  "lon": "75.96164 "   
},
{
  "lat": "11.08508",
  "lon": "75.96189 "   
},
{
  "lat": "11.08503",
  "lon": "75.96208 "   
},
{
  "lat": "11.08496",
  "lon": "75.96243 "   
},
{
  "lat": "11.0849",
  "lon": "75.96267"    
},
{
  "lat": "11.08476",
  "lon": "75.96314 "   
},
{
  "lat": "11.08472",
  "lon": "75.96332 "   
},
{
  "lat": "11.08471",
  "lon": "75.96337 "   
},
{
  "lat":"11.08468",
  "lon": "75.9635 "    
},
{
  "lat": "11.08479",
  "lon": "75.96366 "   
},
{
  "lat": "11.08489",
  "lon": "75.96379 "   
},
{
  "lat": "11.08502",
  "lon": "75.96398 "   
},
{
  "lat":"11.08508",
  "lon": "75.9641 "    
},
{
  "lat":"11.08525",
  "lon": "75.9645 "    
},
{
  "lat": "11.08548",
  "lon": "75.96509 "   
},
{
  "lat": "11.08563",
  "lon": "75.96544 "   
},
{
  "lat": "11.08567",
  "lon": "75.96564 "   
},
{
  "lat":"11.08568",
  "lon": "75.9658 "    
},
{
  "lat": "11.08567",
  "lon": "75.96596 "   
},
{
  "lat": "11.08552",
  "lon": "75.96632 "   
},
{
  "lat": "11.08539",
  "lon": "75.96665 "   
},
{
  "lat": "11.08534",
  "lon": "75.96674 "   
},
{
  "lat": "11.08534",
  "lon": "75.96675 "   
},
{
  "lat":"11.0853",
  "lon": "75.9668"     
},
{
  "lat": "11.08509",
  "lon": "75.96696 "   
},
{
  "lat": "11.08508",
  "lon": "75.96697 "   
},
{
  "lat": "11.08488",
  "lon": "75.96711 "   
},
{
  "lat":"11.08467",
  "lon": "75.9673 "    
},
{
  "lat": "11.08467",
  "lon": "75.96731 "   
},
{
  "lat": "11.08444",
  "lon": "75.96751 "   
},
{
  "lat": "11.08427",
  "lon": "75.96766 "   
},
{
  "lat": "11.0841",
  "lon": "75.96779"    
},
{
  "lat": "11.08392",
  "lon": "75.96795 "   
},
{
  "lat": "11.08384",
  "lon": "75.96801 "   
},
{
  "lat": "11.08383",
  "lon": "75.96802 "   
},
{
  "lat":"11.08376",
  "lon": "75.9682 "    
},
{
  "lat": "11.08346",
  "lon": "75.96885 "   
},
{
  "lat": "11.08338",
  "lon": "75.96901 "   
},
{
  "lat": "11.08332",
  "lon": "75.96913 "   
},
{
  "lat": "11.08318",
  "lon": "75.96953 "   
},
{
  "lat": "11.08291",
  "lon": "75.96998 "   
},
{
  "lat": "11.08282",
  "lon": "75.97015 "   
},
{
  "lat": "11.08264",
  "lon": "75.97047 "   
},
{
  "lat": "11.08259",
  "lon": "75.97054 "   
},
{
  "lat": "11.08234",
  "lon": "75.97093 "   
},
{
  "lat": "11.08214",
  "lon": "75.97123 "   
},
{
  "lat": "11.0821",
  "lon": "75.97128"    
},
{
  "lat": "11.08193",
  "lon": "75.97154 "   
},
{
  "lat": "11.08172",
  "lon": "75.97187 "   
},
{
  "lat": "11.08155",
  "lon": "75.97213 "   
},
{
  "lat": "11.08149",
  "lon": "75.97219 "   
},
{
  "lat": "11.08142",
  "lon": "75.97222 "   
},
{
  "lat": "11.08133",
  "lon": "75.97223 "   
},
{
  "lat": "11.08113",
  "lon": "75.97228 "   
},
{
  "lat": "11.08084",
  "lon": "75.97236 "   
},
{
  "lat":"11.08077",
  "lon": "75.9724 "    
},
{
  "lat": "11.0807",
  "lon": "75.97246"    
},
{
  "lat": "11.08064",
  "lon": "75.97255 "   
},
{
  "lat": "11.08057",
  "lon": "75.97277 "   
},
{
  "lat": "11.08053",
  "lon": "75.97289 "   
},
{
  "lat": "11.08046",
  "lon": "75.97302 "   
},
{
  "lat": "11.08033",
  "lon": "75.97318 "   
},
{
  "lat":"11.08032",
  "lon": "75.9732 "    
},
{
  "lat": "11.08017",
  "lon": "75.97336 "   
},
{
  "lat": "11.08006",
  "lon": "75.97349 "   
},
{
  "lat": "11.07986",
  "lon": "75.97368 "   
},
{
  "lat": "11.07967",
  "lon": "75.97393 "   
},
{
  "lat": "11.07961",
  "lon": "75.97403 "   
},
{
  "lat": "11.07956",
  "lon": "75.97414 "   
},
{
  "lat": "11.07939",
  "lon": "75.97471 "   
},
{
  "lat": "11.07935",
  "lon": "75.97483 "   
},
{
  "lat": "11.07935",
  "lon": "75.97484 "   
},
{
  "lat": "11.07923",
  "lon": "75.97502 "   
},
{
  "lat":"11.07902",
  "lon": "75.9753 "    
},
{
  "lat": "11.07898",
  "lon": "75.97534 "   
},
{
  "lat":"11.07887",
  "lon": "75.9755 "    
},
{
  "lat": "11.07879",
  "lon": "75.97566 "   
},
{
  "lat": "11.07864",
  "lon": "75.97602 "   
},
{
  "lat": "11.07863",
  "lon": "75.97615 "   
},
{
  "lat": "11.07853",
  "lon": "75.97648 "   
},
{
  "lat": "11.07844",
  "lon": "75.97673 "   
},
{
  "lat": "11.0783",
  "lon": "75.97712"    
},
{
  "lat": "11.07816",
  "lon": "75.97735 "   
},
{
  "lat":"11.07806",
  "lon": "75.9775 "    
},
{
  "lat":"11.07803",
  "lon": "75.9776 "    
},
{
  "lat": "11.07801",
  "lon": "75.97773 "   
},
{
  "lat": "11.07801",
  "lon": "75.97779 "   
},
{
  "lat":"11.078",
  "lon": "75.978"     
},
{
  "lat": "11.07792",
  "lon": "75.97849 "   
},
{
  "lat": "11.07789",
  "lon": "75.97862 "   
},
{
  "lat": "11.07786",
  "lon": "75.97867 "   
},
{
  "lat": "11.07785",
  "lon": "75.97869 "   
},
{
  "lat":"11.07783",
  "lon": "75.9787 "    
},
{
  "lat": "11.07779",
  "lon": "75.97874 "   
},
{
  "lat": "11.07775",
  "lon": "75.97876 "   
},
{
  "lat": "11.07772",
  "lon": "75.97876 "   
},
{
  "lat": "11.07768",
  "lon": "75.97877 "   
},
{
  "lat": "11.07762",
  "lon": "75.97878 "   
},
{
  "lat": "11.07752",
  "lon": "75.97882 "   
},
{
  "lat": "11.07741",
  "lon": "75.97895 "   
},
{
  "lat": "11.07723",
  "lon": "75.97924 "   
},
{
  "lat": "11.0772",
  "lon": "75.97932"    
},
{
  "lat": "11.07718",
  "lon": "75.97941 "   
},
{
  "lat":"11.07718",
  "lon": "75.9795 "    
},
{
  "lat": "11.0772",
  "lon": "75.97959"    
},
{
  "lat":"11.0772",
  "lon": "75.9796"     
},
{
  "lat": "11.07729",
  "lon": "75.97983 "   
},
{
  "lat": "11.07744",
  "lon": "75.98022 "   
},
{
  "lat": "11.07755",
  "lon": "75.98037 "   
},
{
  "lat": "11.07766",
  "lon": "75.98044 "   
},
{
  "lat": "11.07776",
  "lon": "75.98047 "   
},
{
  "lat": "11.07792",
  "lon": "75.98053 "   
},
{
  "lat": "11.07807",
  "lon": "75.98061 "   
},
{
  "lat": "11.07813",
  "lon": "75.98064 "   
},
{
  "lat":"11.07821",
  "lon": "75.9807 "    
},
{
  "lat": "11.07825",
  "lon": "75.98076 "   
},
{
  "lat": "11.07827",
  "lon": "75.98084 "   
},
{
  "lat": "11.07826",
  "lon": "75.98092 "   
},
{
  "lat": "11.07822",
  "lon": "75.98113 "   
},
{
  "lat": "11.07818",
  "lon": "75.98123 "   
},
{
  "lat": "11.07816",
  "lon": "75.98136 "   
},
{
  "lat": "11.07816",
  "lon": "75.98155 "   
},
{
  "lat": "11.0782",
  "lon": "75.98184"    
},
{
  "lat":  "11.0781961",
  "lon": "75.981837   "
},
{
  "lat":  "11.0781961",
  "lon": "75.981837   "
},
{
  "lat": "11.07824",
  "lon": "75.98226 "   
},
{
  "lat": "11.07824",
  "lon": "75.98229 "   
},
{
  "lat": "11.07823",
  "lon": "75.98247 "   
},
{
  "lat": "11.07829",
  "lon": "75.98273 "   
},
{
  "lat": "11.07829",
  "lon": "75.98297 "   
},
{
  "lat": "11.07828",
  "lon": "75.98301 "   
},
{
  "lat": "11.07826",
  "lon": "75.98311 "   
},
{
  "lat": "11.0782",
  "lon": "75.98315"    
},
{
  "lat": "11.07819",
  "lon": "75.98316 "   
},
{
  "lat": "11.07806",
  "lon": "75.98312 "   
},
{
  "lat": "11.07791",
  "lon": "75.98298 "   
},
{
  "lat": "11.07771",
  "lon": "75.98291 "   
},
{
  "lat": "11.07756",
  "lon": "75.98287 "   
},
{
  "lat": "11.07749",
  "lon": "75.98284 "   
},
{
  "lat": "11.07711",
  "lon": "75.98274 "   
},
{
  "lat": "11.07671",
  "lon": "75.98262 "   
},
{
  "lat": "11.07647",
  "lon": "75.98254 "   
},
{
  "lat": "11.07619",
  "lon": "75.98247 "   
},
{
  "lat": "11.07594",
  "lon": "75.98239 "   
},
{
  "lat": "11.07577",
  "lon": "75.98237 "   
},
{
  "lat": "11.07569",
  "lon": "75.98239 "   
},
{
  "lat":"11.07562",
  "lon": "75.9824 "    
},
{
  "lat": "11.07548",
  "lon": "75.98245 "   
},
{
  "lat": "11.07543",
  "lon": "75.98253 "   
},
{
  "lat": "11.07543",
  "lon": "75.98264 "   
},
{
  "lat": "11.0755",
  "lon": "75.98274"    
},
{
  "lat": "11.07566",
  "lon": "75.98297 "   
},
{
  "lat": "11.07571",
  "lon": "75.98304 "   
},
{
  "lat": "11.07585",
  "lon": "75.98324 "   
},
{
  "lat": "11.07594",
  "lon": "75.98348 "   
},
{
  "lat": "11.07593",
  "lon": "75.98371 "   
},
{
  "lat": "11.07586",
  "lon": "75.98381 "   
},
{
  "lat": "11.07582",
  "lon": "75.98384 "   
},
{
  "lat": "11.07575",
  "lon": "75.98391 "   
},
{
  "lat": "11.07566",
  "lon": "75.98402 "   
},
{
  "lat": "11.07559",
  "lon": "75.98413 "   
},
{
  "lat": "11.07553",
  "lon": "75.98422 "   
},
{
  "lat": "11.07549",
  "lon": "75.98432 "   
},
{
  "lat": "11.07545",
  "lon": "75.98445 "   
},
{
  "lat": "11.07543",
  "lon": "75.98459 "   
},
{
  "lat": "11.07543",
  "lon": "75.98471 "   
},
{
  "lat": "11.07545",
  "lon": "75.98521 "   
},
{
  "lat":   "11.0754483",
  "lon": "75.9852099  "
},
{
  "lat":   "11.0754483",
  "lon": "75.9852099  "
},
{
  "lat": "11.07537",
  "lon": "75.98521 "   
},
{
  "lat": "11.07517",
  "lon": "75.98518 "   
},
{
  "lat": "11.075",
  "lon": "75.9851"    
},
{
  "lat": "11.07477",
  "lon": "75.98515 "   
},
{
  "lat": "11.07443",
  "lon": "75.98512 "   
},
{
  "lat": "11.07405",
  "lon": "75.98506 "   
},
{
  "lat": "11.0739",
  "lon": "75.98505"    
},
{
  "lat": "11.07376",
  "lon": "75.98509 "   
},
{
  "lat": "11.07361",
  "lon": "75.98513 "   
},
{
  "lat": "11.07341",
  "lon": "75.98523 "   
},
{
  "lat": "11.07298",
  "lon": "75.98539 "   
},
{
  "lat": "11.07265",
  "lon": "75.98554 "   
},
{
  "lat": "11.0726",
  "lon": "75.98556"    
},
{
  "lat": "11.0724",
  "lon": "75.98563"    
},
{
  "lat": "11.07222",
  "lon": "75.98572 "   
},
{
  "lat": "11.0721",
  "lon": "75.98581"    
},
{
  "lat": "11.07191",
  "lon": "75.98596 "   
},
{
  "lat": "11.07136",
  "lon": "75.98648 "   
},
{
  "lat":"11.07133",
  "lon": "75.9865 "    
},
{
  "lat": "11.0713",
  "lon": "75.98651"    
},
{
  "lat": "11.07128",
  "lon": "75.98651 "   
},
{
  "lat": "11.07126",
  "lon": "75.98651 "   
},
{
  "lat": "11.07121",
  "lon": "75.98649 "   
},
{
  "lat": "11.07118",
  "lon": "75.98646 "   
},
{
  "lat": "11.07111",
  "lon": "75.98638 "   
},
{
  "lat":"11.07102",
  "lon": "75.9863 "    
},
{
  "lat": "11.071",
  "lon": "75.9862"
},
{
  "lat": "11.07095",
  "lon": "75.98626 "   
},
{
  "lat": "11.07055",
  "lon": "75.98603 "   
},
{
  "lat": "11.07033",
  "lon": "75.98591 "   
},
{
  "lat":"11.07019",
  "lon": "75.9859 "    
},
{
  "lat": "11.06989",
  "lon": "75.98597 "   
},
{
  "lat": "11.06947",
  "lon": "75.98616 "   
},
{
  "lat": "11.06886",
  "lon": "75.98635 "   
},
{
  "lat": "11.0686",
  "lon": "75.98644"    
},
{
  "lat": "11.06839",
  "lon": "75.98651 "   
},
{
  "lat": "11.06754",
  "lon": "75.98679 "   
},
{
  "lat": "11.06699",
  "lon": "75.98697 "   
},
{
  "lat": "11.06686",
  "lon": "75.98701 "   
},
{
  "lat": "11.06671",
  "lon": "75.98706 "   
},
{
  "lat": "11.06659",
  "lon": "75.98709 "   
},
{
  "lat": "11.06635",
  "lon": "75.98718 "   
},
{
  "lat": "11.06587",
  "lon": "75.98736 "   
},
{
  "lat": "11.06571",
  "lon": "75.98744 "   
},
{
  "lat": "11.06561",
  "lon": "75.98747 "   
},
{
  "lat": "11.06554",
  "lon": "75.98749 "   
},
{
  "lat": "11.06546",
  "lon": "75.98746 "   
},
{
  "lat": "11.0654",
  "lon": "75.98744"    
},
{
  "lat": "11.06538",
  "lon": "75.98743 "   
},
{
  "lat": "11.06514",
  "lon": "75.98732 "   
},
{
  "lat": "11.06503",
  "lon": "75.98726 "   
},
{
  "lat": "11.06488",
  "lon": "75.98719 "   
},
{
  "lat": "11.06468",
  "lon": "75.98709 "   
},
{
  "lat": "11.06458",
  "lon": "75.98706 "   
},
{
  "lat": "11.06444",
  "lon": "75.98702 "   
},
{
  "lat": "11.06428",
  "lon": "75.98696 "   
},
{
  "lat": "11.06413",
  "lon": "75.98686 "   
},
{
  "lat": "11.06386",
  "lon": "75.98669 "   
},
{
  "lat": "11.06354",
  "lon": "75.98649 "   
},
{
  "lat": "11.06347",
  "lon": "75.98645 "   
},
{
  "lat": "11.06319",
  "lon": "75.98627 "   
},
{
  "lat": "11.06289",
  "lon": "75.98608 "   
},
{
  "lat": "11.06282",
  "lon": "75.98604 "   
},
{
  "lat": "11.06255",
  "lon": "75.98589 "   
},
{
  "lat": "11.06243",
  "lon": "75.98578 "   
},
{
  "lat": "11.06236",
  "lon": "75.98574 "   
},
{
  "lat": "11.06226",
  "lon": "75.98571 "   
},
{
  "lat":"11.06211",
  "lon": "75.9857 "    
},
{
  "lat":"11.06204",
  "lon": "75.9857 "    
},
{
  "lat":"11.06163",
  "lon": "75.9857 "    
},
{
  "lat": "11.06137",
  "lon": "75.98569 "   
},
{
  "lat": "11.06115",
  "lon": "75.98568 "   
},
{
  "lat":"11.06096",
  "lon": "75.9857 "    
},
{
  "lat": "11.06074",
  "lon": "75.98578 "   
},
{
  "lat": "11.06047",
  "lon": "75.98586 "   
},
{
  "lat": "11.06043",
  "lon": "75.98587 "   
},
{
  "lat": "11.05994",
  "lon": "75.98603 "   
},
{
  "lat": "11.05966",
  "lon": "75.98612 "   
},
{
  "lat": "11.05963",
  "lon": "75.98613 "   
},
{
  "lat": "11.0593",
  "lon": "75.98624"    
},
{
  "lat":"11.05908",
  "lon": "75.9863 "    
},
{
  "lat": "11.059",
  "lon": "75.9863" 
},
{
  "lat": "11.05895",
  "lon": "75.98634 "   
},
{
  "lat": "11.05886",
  "lon": "75.98636 "   
},
{
  "lat": "11.05869",
  "lon": "75.98641 "   
},
{
  "lat": "11.05857",
  "lon": "75.98644 "   
},
{
  "lat":"11.05843",
  "lon": "75.9865 "    
},
{
  "lat": "11.05827",
  "lon": "75.98656 "   
},
{
  "lat":"11.0582",
  "lon": "75.9866"     
},
{
  "lat": "11.05806",
  "lon": "75.98667 "   
},
{
  "lat": "11.05793",
  "lon": "75.98671 "   
},
{
  "lat": "11.05793",
  "lon": "75.98672 "   
},
{
  "lat": "11.05785",
  "lon": "75.98676 "   
},
{
  "lat": "11.05771",
  "lon": "75.98682 "   
},
{
  "lat": "11.05738",
  "lon": "75.98698 "   
},
{
  "lat": "11.05701",
  "lon": "75.98719 "   
},
{
  "lat": "11.05658",
  "lon": "75.98735 "   
},
{
  "lat": "11.05621",
  "lon": "75.98744 "   
},
{
  "lat": "11.05589",
  "lon": "75.98747 "   
},
{
  "lat": "11.05555",
  "lon": "75.98748 "   
},
{
  "lat": "11.05544",
  "lon": "75.98748 "   
},
{
  "lat": "11.05532",
  "lon": "75.98748 "   
},
{
  "lat": "11.05502",
  "lon": "75.98749 "   
},
{
  "lat": "11.0549",
  "lon": "75.98749"    
},
{
  "lat": "11.0548",
  "lon": "75.98748"    
},
{
  "lat": "11.05464",
  "lon": "75.98746 "   
},
{
  "lat": "11.05429",
  "lon": "75.98747 "   
},
{
  "lat": "11.05404",
  "lon": "75.98748 "   
},
{
  "lat": "11.05394",
  "lon": "75.98749 "   
},
{
  "lat": "11.05375",
  "lon": "75.98751 "   
},
{
  "lat": "11.05357",
  "lon": "75.98751 "   
},
{
  "lat":"11.05348",
  "lon": "75.9875 "    
},
{
  "lat": "11.05342",
  "lon": "75.98748 "   
},
{
  "lat": "11.05337",
  "lon": "75.98747 "   
},
{
  "lat": "11.05329",
  "lon": "75.98744 "   
},
{
  "lat":"11.05322",
  "lon": "75.9874 "    
},
{
  "lat": "11.0531",
  "lon": "75.98733"    
},
{
  "lat":"11.0528",
  "lon": "75.9871"     
},
{
  "lat": "11.05241",
  "lon": "75.98681 "   
},
{
  "lat": "11.05207",
  "lon": "75.98655 "   
},
{
  "lat": "11.05148",
  "lon": "75.98615 "   
},
{
  "lat": "11.05131",
  "lon": "75.98605 "   
},
{
  "lat": "11.0513089",
  "lon": "75.9860477 "
},
{
  "lat": "11.0513089",
  "lon": "75.9860477 "
},
{
  "lat": "11.05126",
  "lon": "75.98604 "   
},
{
  "lat": "11.05126",
  "lon": "75.98602 "   
},
{
  "lat": "11.05127",
  "lon": "75.98592 "   
},
{
  "lat":"11.05129",
  "lon": "75.9858 "    
},
{
  "lat": "11.05131",
  "lon": "75.98564 "   
},
{
  "lat": "11.05133",
  "lon": "75.98552 "   
},
{
  "lat":"11.05133",
  "lon": "75.9855 "    
},
{
  "lat": "11.05135",
  "lon": "75.98532 "   
},
{
  "lat": "11.05136",
  "lon": "75.98507 "   
},
{
  "lat": "11.05136",
  "lon": "75.98489 "   
},
{
  "lat": "11.05134",
  "lon": "75.98459 "   
},
{
  "lat": "11.05133",
  "lon": "75.98434 "   
},
{
  "lat": "11.05133",
  "lon": "75.98415 "   
},
{
  "lat": "11.05132",
  "lon": "75.98391 "   
},
{
  "lat":"11.05132",
  "lon": "75.9839 "    
},
{
  "lat": "11.05128",
  "lon": "75.98345 "   
},
{
  "lat":"11.05128",
  "lon": "75.9832 "    
},
{
  "lat":"11.05128",
  "lon": "75.9831 "    
},
{
  "lat": "11.05128",
  "lon": "75.98309 "   
},
{
  "lat": "11.05128",
  "lon": "75.983   "   
},
{
  "lat": "11.05129",
  "lon": "75.98281 "   
},
{
  "lat":"11.05129",
  "lon": "75.9826 "    
},
{
  "lat": "11.0513",
  "lon": "75.98254"    
},
{
  "lat":   "11.0512961",
  "lon": "75.9825416  "
}
]